INSERT INTO streaming_service.users(user_id, login, user_name, user_country, subscription_type, user_age)
VALUES (1, 'milfhunter2008', 'Андрей', 'Russia', 'personal', 14),
       (2, 'xXx_VYACHESLAV_NAGIBATOR_XxX', 'Вячеслав', 'Russia', 'student', 20),
       (3, 'ElonMusk', 'Elon', 'USA', 'personal', 51),
       (4, 'sanctions_enjoyer', 'Василий', 'Turkey', 'free', 22),
       (5, '1337', 'Hans', 'Germany', 'personal', 32);

INSERT INTO streaming_service.albums(album_id, valid_from, valid_to, album_name, album_cover, is_deluxe)
VALUES (1, '2015-09-03 00:00:00', '2015-09-04 00:00:00', 'Rodeo',
        'https://drive.google.com/file/d/1yqEMG6rure4CYls6q8GnwU0exdpl7X6a/view?usp=sharing', false),
       (1, '2015-09-04 00:00:00', '2999-12-31 23:59:59', 'Rodeo (expanded version)',
        'https://drive.google.com/file/d/1jiXyoVZjG9ts8hXKVOl2WM66xBWAjVc9/view?usp=sharing', true),
       (2, '2013-06-18 00:00:00', '2999-12-31 23:59:59', 'Yeezus',
        'https://drive.google.com/file/d/1I4ODljfQP8twqBwhxTY0kFOR7OVMc3Q0/view?usp=sharing', false),
       (3, '2015-05-26 00:00:00', '2999-12-31 23:59:59', 'AT.LONG.LAST.A$AP',
        'https://drive.google.com/file/d/1uAhz4u4kPgRNQ5EoXSLg3lwq6TdLkzgz/view?usp=sharing', false),
       (4, '2004-03-23 00:00:00', '2999-12-31 23:59:59', 'Madvillainy',
        'https://drive.google.com/file/d/1Zgqvm2EZGyy8lCD81_lZL5eZ1jfHVtqP/view?usp=sharing', false);

INSERT INTO streaming_service.tracks(track_id, track_name, track_duration, explicit_content)
VALUES (1, 'Pornography', 231, true),
       (2, 'Oh My Dis Side', 351, true),
       (3, '3500', 461, true),
       (4, 'Wasted', 235, true),
       (5, '90210', 339, true),
       (6, 'Pray 4 Love', 307, true),
       (7, 'Nightcrawler', 321, true),
       (8, 'Piss On Your Grave', 166, true),
       (9, 'Antidote', 262, true),
       (10, 'Impossible', 242, true),
       (11, 'Maria I''m Drunk', 341, true),
       (12, 'Flying High', 208, true),
       (13, 'I Can Tell', 235, true),
       (14, 'Apple Pie', 219, true),
       (15, 'Ok Alright', 413, true),
       (16, 'Never Catch Me', 176, true),
       (17, 'On Sight', 156, true),
       (18, 'Black Skinhead', 188, true),
       (19, 'I Am A God', 231, true),
       (20, 'New Slaves', 256, true),
       (21, 'Hold My Liquor', 326, true),
       (22, 'Im In It', 234, true),
       (23, 'Blood On The Leaves', 299, true),
       (24, 'Guilt Trip', 243, true),
       (25, 'Send It Up', 172, true),
       (26, 'Bound 2', 229, true),
       (27, 'Holy Ghost', 191, true),
       (28, 'Canal St.', 227, true),
       (29, 'Fine Whine', 218, true),
       (30, 'L$D', 238, true),
       (31, 'Excuse me', 238, true),
       (32, 'JD', 105, true),
       (33, 'Lord Pretty Flacko Joyde 2 (LPFJ2)', 126, true),
       (34, 'Electric Body', 175, true),
       (35, 'Jukebox Joints', 323, true),
       (36, 'Max B', 161, true),
       (37, 'Pharsyde', 222, true),
       (38, 'Wavybone', 303, true),
       (39, 'West Side Highway', 176, true),
       (40, 'Better Things', 199, true),
       (41, 'M''$', 233, true),
       (42, 'Dreams (Interlude)', 136, true),
       (43, 'Everyday', 260, true),
       (44, 'Back Home', 278, true),
       (45, 'The Illest Villains', 115, true),
       (46, 'Accordion', 118, true),
       (47, 'Meat Grinder', 131, true),
       (48, 'Bistro', 67, true),
       (49, 'Raid', 150, true),
       (50, 'America''s Most Blunted', 234, true),
       (51, 'Sickfit', 81, true),
       (52, 'Rainbows', 171, true),
       (53, 'Curls', 95, true),
       (54, 'Do Not Fire!', 52, true),
       (55, 'Money Folder', 182, true),
       (56, 'Shadows Of Tomorrow', 156, true),
       (57, 'Operation Lifesaver aka Mint Test', 90, true),
       (58, 'Figaro', 145, true),
       (59, 'Hardcore Hustle', 81, true),
       (60, 'Strange Ways', 111, true),
       (61, 'Fancy Clown', 115, true),
       (62, 'Eye', 117, true),
       (63, 'Supervillain theme', 52, true),
       (64, 'All Caps', 130, true),
       (65, 'Great Day', 136, true),
       (66, 'Rhinestone Cowboy', 239, true);

INSERT INTO streaming_service.artists(artist_id, artist_name, artist_photo, artist_country)
VALUES (1, 'Travis Scott', 'https://emptyphoto.net', 'USA'),
       (2, 'Quavo', 'https://emptyphoto.net', 'USA'),
       (3, 'Future', 'https://emptyphoto.net', 'USA'),
       (4, '2 Chainz', 'https://emptyphoto.net', 'USA'),
       (5, 'Juicy J', 'https://emptyphoto.net', 'USA'),
       (6, 'Kacy Hill', 'https://emptyphoto.net', 'USA'),
       (7, 'The Weeknd', 'https://emptyphoto.net', 'Canada'),
       (8, 'Swae Lee', 'https://emptyphoto.net', 'USA'),
       (9, 'Chief Keef', 'https://emptyphoto.net', 'USA'),
       (10, 'Kanye West', 'https://emptyphoto.net', 'USA'),
       (11, 'Justin Bieber', 'https://emptyphoto.net', 'Canada'),
       (12, 'Young Thug', 'https://emptyphoto.net', 'USA'),
       (13, 'Toro y Moi', 'https://emptyphoto.net', 'Japan'),
       (14, 'Schoolboy Q', 'https://emptyphoto.net', 'USA'),
       (15, 'A$AP Rocky', 'https://emptyphoto.net', 'USA'),
       (16, 'Joe Fox', 'https://emptyphoto.net', 'USA'),
       (17, 'Bones', 'https://emptyphoto.net', 'USA'),
       (18, 'M.I.A.', 'https://emptyphoto.net', 'UK'),
       (19, 'James Fauntleroy', 'https://emptyphoto.net', 'USA'),
       (20, 'Lil Wayne', 'https://emptyphoto.net', 'USA'),
       (21, 'Rod Stewart', 'https://emptyphoto.net', 'UK'),
       (22, 'Mark Ronson', 'https://emptyphoto.net', 'UK'),
       (23, 'Mos Def', 'https://emptyphoto.net', 'USA'),
       (24, 'Acyde', 'https://emptyphoto.net', 'Unknown'),
       (25, 'A$AP Yams', 'https://emptyphoto.net', 'USA'),
       (26, 'MF DOOM', 'https://emptyphoto.net', 'USA'),
       (27, 'Madlib', 'https://emptyphoto.net', 'USA'),
       (28, 'MED', 'https://emptyphoto.net', 'USA'),
       (29, 'Wildchild', 'https://emptyphoto.net', 'USA'),
       (30, 'Stacy Epps', 'https://emptyphoto.net', 'Unknown');

INSERT INTO streaming_service.playlists(playlist_id, user_id, playlist_name, playlist_cover)
VALUES (1, 1, 'My empty playlist', 'https://emptyphoto.net'),
       (2, 2, 'My favourite albums', 'https://emptyphoto.net'),
       (3, 2, 'Madvillain', 'https://emptyphoto.net'),
       (4, 4, 'Random song lol', 'https://emptyphoto.net'),
       (5, 5, 'Another name', 'https://emptyphoto.net');

INSERT INTO streaming_service.tracks_and_artists(track_id, artist_id)
VALUES (1, 1),
       (2, 1),
       (2, 2),
       (3, 1),
       (3, 3),
       (3, 4),
       (4, 1),
       (4, 5),
       (5, 1),
       (5, 6),
       (6, 1),
       (6, 7),
       (7, 1),
       (7, 8),
       (7, 9),
       (8, 1),
       (8, 10),
       (9, 1),
       (10, 1),
       (11, 1),
       (11, 11),
       (11, 12),
       (12, 1),
       (12, 13),
       (13, 1),
       (14, 1),
       (15, 14),
       (16, 1),
       (17, 10),
       (18, 10),
       (19, 10),
       (20, 10),
       (21, 10),
       (21, 9),
       (22, 10),
       (23, 10),
       (24, 10),
       (25, 10),
       (26, 10),
       (27, 15),
       (27, 16),
       (28, 15),
       (28, 17),
       (29, 15),
       (29, 16),
       (29, 18),
       (30, 15),
       (31, 15),
       (32, 15),
       (33, 15),
       (34, 15),
       (34, 14),
       (35, 15),
       (35, 16),
       (35, 10),
       (36, 15),
       (36, 16),
       (37, 15),
       (37, 16),
       (38, 15),
       (38, 5),
       (39, 15),
       (39, 19),
       (40, 15),
       (41, 15),
       (41, 20),
       (42, 15),
       (43, 15),
       (43, 21),
       (43, 22),
       (44, 15),
       (44, 23),
       (44, 24),
       (44, 25),
       (45, 26),
       (45, 27),
       (46, 26),
       (46, 27),
       (47, 26),
       (47, 27),
       (48, 26),
       (48, 27),
       (49, 26),
       (49, 27),
       (49, 28),
       (50, 26),
       (50, 27),
       (51, 26),
       (51, 27),
       (52, 26),
       (52, 27),
       (53, 26),
       (53, 27),
       (54, 26),
       (54, 27),
       (55, 26),
       (55, 27),
       (56, 26),
       (56, 27),
       (57, 26),
       (57, 27),
       (58, 26),
       (58, 27),
       (59, 26),
       (59, 27),
       (59, 29),
       (60, 26),
       (60, 27),
       (61, 26),
       (61, 27),
       (62, 26),
       (62, 27),
       (62, 30),
       (63, 26),
       (63, 27),
       (64, 26),
       (64, 27),
       (65, 26),
       (65, 27),
       (66, 26),
       (66, 27);

INSERT INTO streaming_service.artists_and_users(artist_id, user_id)
VALUES (1, 1),
       (1, 2),
       (2, 2),
       (3, 2),
       (4, 2),
       (5, 2);

INSERT INTO streaming_service.users_and_tracks(user_id, track_id)
VALUES (1, 1),
       (1, 2),
       (1, 3),
       (1, 4),
       (1, 5),
       (1, 6),
       (1, 7),
       (1, 8),
       (1, 9),
       (1, 10),
       (1, 11),
       (1, 12),
       (1, 13),
       (1, 14),
       (1, 15),
       (1, 16),
       (1, 17),
       (1, 18),
       (1, 19),
       (1, 20),
       (1, 21),
       (1, 22),
       (1, 23),
       (1, 24),
       (1, 25),
       (1, 26),
       (1, 27),
       (1, 28),
       (1, 29),
       (1, 30),
       (1, 31),
       (1, 32),
       (1, 33),
       (1, 34),
       (1, 35),
       (1, 36),
       (1, 37),
       (1, 38),
       (1, 39),
       (1, 40),
       (1, 41),
       (1, 42),
       (1, 43),
       (1, 44),
       (1, 45),
       (1, 46),
       (1, 47),
       (1, 48),
       (1, 49),
       (1, 50),
       (1, 51),
       (1, 52),
       (1, 53),
       (1, 54),
       (1, 55),
       (1, 56),
       (1, 57),
       (1, 58),
       (1, 59),
       (1, 60),
       (1, 61),
       (1, 62),
       (1, 63),
       (1, 64),
       (1, 65),
       (1, 66);

INSERT INTO streaming_service.playlists_and_tracks(playlist_id, track_id, track_number)
VALUES (2, 1, 1),
       (2, 2, 2),
       (2, 3, 3),
       (2, 4, 4),
       (2, 5, 5),
       (2, 6, 6),
       (2, 7, 7),
       (2, 8, 8),
       (2, 9, 9),
       (2, 10, 10),
       (2, 11, 11),
       (2, 12, 12),
       (2, 13, 13),
       (2, 14, 14),
       (2, 15, 15),
       (2, 16, 16),
       (2, 17, 17),
       (2, 18, 18),
       (2, 19, 19),
       (2, 20, 20),
       (2, 21, 21),
       (2, 22, 22),
       (2, 23, 23),
       (2, 24, 24),
       (2, 25, 25),
       (2, 26, 26),
       (2, 27, 27),
       (2, 28, 28),
       (2, 29, 29),
       (2, 30, 30),
       (2, 31, 31),
       (2, 32, 32),
       (2, 33, 33),
       (2, 34, 34),
       (2, 35, 35),
       (2, 36, 36),
       (2, 37, 37),
       (2, 38, 38),
       (2, 39, 39),
       (2, 40, 40),
       (2, 41, 41),
       (2, 42, 42),
       (2, 43, 43),
       (2, 44, 44),
       (2, 45, 45),
       (2, 46, 46),
       (2, 47, 47),
       (2, 48, 48),
       (2, 49, 49),
       (2, 50, 50),
       (2, 51, 51),
       (2, 52, 52),
       (2, 53, 53),
       (2, 54, 54),
       (2, 55, 55),
       (2, 56, 56),
       (2, 57, 57),
       (2, 58, 58),
       (2, 59, 59),
       (2, 60, 60),
       (2, 61, 61),
       (2, 62, 62),
       (2, 63, 63),
       (2, 64, 64),
       (2, 65, 65),
       (2, 66, 66),
       (3, 45, 1),
       (3, 46, 2),
       (3, 47, 3),
       (3, 48, 4),
       (3, 49, 5),
       (3, 50, 6),
       (3, 51, 7),
       (3, 52, 8),
       (3, 53, 9),
       (3, 54, 10),
       (3, 55, 11),
       (3, 56, 12),
       (3, 57, 13),
       (3, 58, 14),
       (3, 59, 15),
       (3, 60, 16),
       (3, 61, 17),
       (3, 62, 18),
       (3, 63, 19),
       (3, 64, 20),
       (3, 65, 21),
       (3, 66, 22),
       (4, 34, 1);

INSERT INTO streaming_service.artists_and_albums(artist_id, album_id)
VALUES (1, 1),
       (1, 2),
       (10, 3),
       (15, 4),
       (26, 5),
       (27, 5);

INSERT INTO streaming_service.tracks_and_albums(track_id, album_id)
VALUES (1, 1),
       (2, 1),
       (3, 1),
       (4, 1),
       (5, 1),
       (6, 1),
       (7, 1),
       (8, 1),
       (9, 1),
       (10, 1),
       (11, 1),
       (12, 1),
       (13, 1),
       (14, 1),
       (1, 2),
       (2, 2),
       (3, 2),
       (4, 2),
       (5, 2),
       (6, 2),
       (7, 2),
       (8, 2),
       (9, 2),
       (10, 2),
       (11, 2),
       (12, 2),
       (13, 2),
       (14, 2),
       (15, 2),
       (16, 2),
       (17, 3),
       (18, 3),
       (19, 3),
       (20, 3),
       (21, 3),
       (22, 3),
       (23, 3),
       (24, 3),
       (25, 3),
       (26, 3),
       (27, 4),
       (28, 4),
       (29, 4),
       (30, 4),
       (31, 4),
       (32, 4),
       (33, 4),
       (34, 4),
       (35, 4),
       (36, 4),
       (37, 4),
       (38, 4),
       (39, 4),
       (40, 4),
       (41, 4),
       (42, 4),
       (43, 4),
       (44, 4),
       (45, 5),
       (46, 5),
       (47, 5),
       (48, 5),
       (49, 5),
       (50, 5),
       (51, 5),
       (52, 5),
       (53, 5),
       (54, 5),
       (55, 5),
       (56, 5),
       (57, 5),
       (58, 5),
       (59, 5),
       (60, 5),
       (61, 5),
       (62, 5),
       (63, 5),
       (64, 5),
       (65, 5),
       (66, 5);

INSERT INTO streaming_service.users_and_albums(user_id, album_id)
VALUES (1, 1),
       (2, 1),
       (2, 2),
       (2, 3),
       (2, 4),
       (2, 5),
       (4, 3),
       (4, 4),
       (5, 5);

INSERT INTO streaming_service.streams(stream_id, user_id, track_id, album_id, stream_date)
VALUES (1, 1, 62, 5, '2022-12-16 22:35:42.518933'),
       (2, 4, 11, 4, '2022-12-16 04:47:10.518933'),
       (3, 1, 52, 1, '2022-12-16 17:14:33.518933'),
       (4, 1, 11, 4, '2022-12-16 03:58:14.518933'),
       (5, 5, 13, 3, '2022-12-17 01:34:55.518933'),
       (6, 2, 47, 4, '2022-12-16 15:20:03.518933'),
       (7, 3, 48, 3, '2022-12-16 18:29:04.518933'),
       (8, 2, 38, 5, '2022-12-16 15:28:56.518933'),
       (9, 2, 49, 1, '2022-12-16 22:19:50.518933'),
       (10, 3, 14, 1, '2022-12-16 15:59:21.518933'),
       (11, 4, 36, 4, '2022-12-17 01:59:39.518933'),
       (12, 5, 23, 2, '2022-12-16 17:49:57.518933'),
       (13, 3, 15, 4, '2022-12-16 08:34:02.518933'),
       (14, 1, 25, 1, '2022-12-16 09:37:38.518933'),
       (15, 4, 45, 3, '2022-12-16 19:22:50.518933'),
       (16, 4, 2, 2, '2022-12-16 13:17:53.518933'),
       (17, 2, 49, 4, '2022-12-16 12:15:00.518933'),
       (18, 4, 8, 5, '2022-12-16 15:11:40.518933'),
       (19, 5, 28, 5, '2022-12-16 18:52:56.518933'),
       (20, 5, 6, 5, '2022-12-16 09:42:09.518933'),
       (21, 3, 30, 5, '2022-12-16 18:12:20.518933'),
       (22, 4, 5, 5, '2022-12-16 13:34:24.518933'),
       (23, 4, 56, 2, '2022-12-16 17:07:30.518933'),
       (24, 4, 52, 3, '2022-12-16 17:53:45.518933'),
       (25, 1, 52, 1, '2022-12-16 10:09:15.518933'),
       (26, 5, 23, 4, '2022-12-17 02:18:51.518933'),
       (27, 4, 14, 5, '2022-12-16 04:28:49.518933'),
       (28, 5, 26, 3, '2022-12-16 21:04:02.518933'),
       (29, 4, 32, 3, '2022-12-16 09:38:15.518933'),
       (30, 5, 15, 5, '2022-12-17 02:29:52.518933'),
       (31, 5, 59, 2, '2022-12-17 03:10:06.518933'),
       (32, 5, 26, 1, '2022-12-16 08:19:33.518933'),
       (33, 5, 4, 4, '2022-12-16 06:18:37.518933'),
       (34, 3, 60, 4, '2022-12-16 11:27:25.518933'),
       (35, 3, 46, 1, '2022-12-16 15:02:24.518933'),
       (36, 2, 60, 3, '2022-12-16 23:05:19.518933'),
       (37, 4, 55, 3, '2022-12-16 20:52:18.518933'),
       (38, 4, 38, 3, '2022-12-16 19:32:08.518933'),
       (39, 5, 5, 4, '2022-12-17 01:42:11.518933'),
       (40, 1, 10, 3, '2022-12-17 02:25:06.518933'),
       (41, 2, 50, 5, '2022-12-16 21:28:51.518933'),
       (42, 4, 27, 1, '2022-12-16 07:21:01.518933'),
       (43, 1, 66, 1, '2022-12-17 02:37:12.518933'),
       (44, 1, 61, 1, '2022-12-16 09:48:03.518933'),
       (45, 5, 65, 1, '2022-12-16 11:44:35.518933'),
       (46, 4, 28, 1, '2022-12-16 17:10:31.518933'),
       (47, 1, 4, 3, '2022-12-16 06:05:45.518933'),
       (48, 4, 24, 3, '2022-12-16 15:08:11.518933'),
       (49, 3, 19, 5, '2022-12-16 13:42:51.518933'),
       (50, 3, 21, 2, '2022-12-16 05:40:08.518933'),
       (51, 5, 15, 4, '2022-12-16 04:13:37.518933'),
       (52, 4, 56, 2, '2022-12-17 00:32:45.518933'),
       (53, 1, 36, 5, '2022-12-16 14:52:48.518933'),
       (54, 5, 56, 2, '2022-12-16 23:26:44.518933'),
       (55, 1, 60, 4, '2022-12-17 00:29:25.518933'),
       (56, 1, 34, 5, '2022-12-16 12:25:52.518933'),
       (57, 5, 32, 3, '2022-12-16 13:25:53.518933'),
       (58, 2, 63, 5, '2022-12-17 02:38:58.518933'),
       (59, 5, 32, 2, '2022-12-17 02:39:17.518933'),
       (60, 5, 15, 2, '2022-12-16 20:34:34.518933'),
       (61, 2, 30, 1, '2022-12-17 03:54:52.518933'),
       (62, 4, 62, 3, '2022-12-17 00:31:02.518933'),
       (63, 5, 41, 2, '2022-12-16 14:17:59.518933'),
       (64, 2, 12, 3, '2022-12-17 02:50:34.518933'),
       (65, 2, 60, 5, '2022-12-16 15:21:38.518933'),
       (66, 1, 58, 1, '2022-12-16 16:55:46.518933'),
       (67, 1, 38, 3, '2022-12-17 02:41:53.518933'),
       (68, 3, 12, 2, '2022-12-17 02:38:58.518933'),
       (69, 4, 13, 1, '2022-12-16 14:38:12.518933'),
       (70, 3, 61, 5, '2022-12-17 03:08:32.518933'),
       (71, 2, 14, 4, '2022-12-17 03:05:40.518933'),
       (72, 5, 66, 2, '2022-12-17 03:04:16.518933'),
       (73, 4, 44, 2, '2022-12-16 21:40:49.518933'),
       (74, 4, 9, 1, '2022-12-16 10:52:36.518933'),
       (75, 3, 29, 4, '2022-12-16 09:44:07.518933'),
       (76, 2, 64, 4, '2022-12-16 06:28:11.518933'),
       (77, 4, 48, 2, '2022-12-16 16:35:31.518933'),
       (78, 4, 66, 2, '2022-12-16 14:31:07.518933'),
       (79, 3, 11, 2, '2022-12-16 10:43:37.518933'),
       (80, 1, 55, 3, '2022-12-16 05:21:58.518933'),
       (81, 4, 52, 2, '2022-12-16 08:07:59.518933'),
       (82, 3, 9, 4, '2022-12-16 13:31:33.518933'),
       (83, 5, 11, 1, '2022-12-16 17:41:55.518933'),
       (84, 1, 31, 1, '2022-12-16 18:38:40.518933'),
       (85, 3, 10, 4, '2022-12-16 12:53:18.518933'),
       (86, 1, 14, 4, '2022-12-16 22:07:49.518933'),
       (87, 4, 2, 2, '2022-12-16 15:56:51.518933'),
       (88, 5, 23, 4, '2022-12-16 23:49:29.518933'),
       (89, 2, 12, 5, '2022-12-16 04:21:33.518933'),
       (90, 4, 20, 3, '2022-12-16 20:53:03.518933'),
       (91, 1, 7, 2, '2022-12-16 20:56:20.518933'),
       (92, 5, 52, 3, '2022-12-17 02:16:12.518933'),
       (93, 4, 12, 2, '2022-12-16 21:58:25.518933'),
       (94, 2, 57, 2, '2022-12-16 13:01:45.518933'),
       (95, 4, 25, 1, '2022-12-17 01:05:28.518933'),
       (96, 2, 29, 2, '2022-12-16 14:33:45.518933'),
       (97, 4, 4, 1, '2022-12-17 02:00:03.518933'),
       (98, 2, 23, 1, '2022-12-17 03:14:55.518933'),
       (99, 5, 66, 2, '2022-12-16 12:18:21.518933'),
       (100, 3, 2, 3, '2022-12-16 16:02:55.518933');

